{"center_new": [0.0, 0.0, 0.0], "registration_mat": [[0.9074629895413296, -0.10511458796551884, -0.4067700161142064], [0.418721659098798, 0.30554581658924906, 0.8551689459787224], [0.03439614534017678, -0.9463575842997447, 0.32128527483233543]], "center": [-90.9268654957499, -114.09414144217487, 582.6119257332306]}